[
  {
    "id": "29383663-aa29-4e1a-ad19-48ba68f4ea00",
    "data": [
      {
        "text": "coffees, add ",
        "userDefined": false
      },
      {
        "text": "10",
        "alias": "coffees",
        "meta": "@sys.number-integer",
        "userDefined": false
      }
    ],
    "isTemplate": false,
    "count": 0
  },
  {
    "id": "d4522d95-2b32-4530-b410-f9ab111f1ead",
    "data": [
      {
        "text": "I drank ",
        "userDefined": false
      },
      {
        "text": "1",
        "alias": "coffees",
        "meta": "@sys.number-integer",
        "userDefined": false
      },
      {
        "text": " coffee ",
        "userDefined": false
      },
      {
        "text": "today",
        "meta": "@sys.ignore",
        "userDefined": false
      }
    ],
    "isTemplate": false,
    "count": 0
  },
  {
    "id": "c03ecf6c-b1f4-42fe-ad1a-15775b6a95d2",
    "data": [
      {
        "text": "I had ",
        "userDefined": false
      },
      {
        "text": "4",
        "alias": "coffees",
        "meta": "@sys.number-integer",
        "userDefined": false
      },
      {
        "text": " coffees",
        "userDefined": false
      }
    ],
    "isTemplate": false,
    "count": 0
  },
  {
    "id": "8256ed1b-a9ab-4e78-aee9-1b3e0a577a55",
    "data": [
      {
        "text": "for coffees add ",
        "userDefined": false
      },
      {
        "text": "10",
        "alias": "coffees",
        "meta": "@sys.number-integer",
        "userDefined": false
      }
    ],
    "isTemplate": false,
    "count": 0
  },
  {
    "id": "f59194f0-a3f9-475b-9c8d-c7cfdaea6a87",
    "data": [
      {
        "text": "add ",
        "userDefined": false
      },
      {
        "text": "1",
        "alias": "coffees",
        "meta": "@sys.number-integer",
        "userDefined": false
      },
      {
        "text": " coffee",
        "userDefined": false
      }
    ],
    "isTemplate": false,
    "count": 0
  },
  {
    "id": "90c5d832-a58a-4487-b953-ad40558ccefc",
    "data": [
      {
        "text": "add ",
        "userDefined": false
      },
      {
        "text": "5",
        "alias": "coffees",
        "meta": "@sys.number-integer",
        "userDefined": false
      },
      {
        "text": " coffees",
        "userDefined": false
      }
    ],
    "isTemplate": false,
    "count": 0
  },
  {
    "id": "5be1f3e7-59b6-4476-96a1-f0d710f0d526",
    "data": [
      {
        "text": "add ",
        "userDefined": false
      },
      {
        "text": "6",
        "alias": "coffees",
        "meta": "@sys.number-integer",
        "userDefined": true
      },
      {
        "text": " to coffees",
        "userDefined": false
      }
    ],
    "isTemplate": false,
    "count": 0
  },
  {
    "id": "7e102228-9118-42b6-9939-4d227b3b5099",
    "data": [
      {
        "text": "add ",
        "userDefined": false
      },
      {
        "text": "1",
        "alias": "coffees",
        "meta": "@sys.number-integer",
        "userDefined": true
      },
      {
        "text": " to coffee",
        "userDefined": false
      }
    ],
    "isTemplate": false,
    "count": 0
  },
  {
    "id": "91bfd50d-e9c7-4c6f-b551-362d88639e21",
    "data": [
      {
        "text": "add ",
        "userDefined": false
      },
      {
        "text": "12",
        "alias": "coffees",
        "meta": "@sys.number-integer",
        "userDefined": true
      },
      {
        "text": " coffees to total",
        "userDefined": false
      }
    ],
    "isTemplate": false,
    "count": 0
  },
  {
    "id": "992d0d21-8be5-4e5d-a1d8-0dac5356ce82",
    "data": [
      {
        "text": "Add ",
        "userDefined": false
      },
      {
        "text": "54",
        "alias": "coffees",
        "meta": "@sys.number-integer",
        "userDefined": true
      },
      {
        "text": " coffee",
        "userDefined": false
      }
    ],
    "isTemplate": false,
    "count": 0
  },
  {
    "id": "4a2dd71a-df5e-4db4-9b62-bf5a60202e72",
    "data": [
      {
        "text": "add ",
        "userDefined": false
      },
      {
        "text": "10",
        "alias": "coffees",
        "meta": "@sys.number-integer",
        "userDefined": true
      },
      {
        "text": " coffees",
        "userDefined": false
      }
    ],
    "isTemplate": false,
    "count": 0
  }
]